Username,Email,Password,Address,City,State,Zip code,Country,role,display_name,first_name,last_name
solfegiistk,solfegiistk@example.com,mypassword,Rd. Victoria,Atlanta,Georgia,1201,USA,editor,mrpskfswc,solf,egiistk
imtyrannic54,imtyrannic54@example.com,pass,Av. Cervantes,C—rdoba,C—rdoba,14004,Espa–a,subscriber,debaklixs,imty,rannic54
kentpro01,kentpro01@example.com,elis2013,Verona,Ferrara,Ferrara,89891,Italia,author,Farcelli93,kent,pro01
laloobregon1v,laloobregon1v@example.com,passwordfrance,Nation,Par’s,ële de la CitŽ,28280,France,author,Radobelj5d,lalo,obregon1v
Gubertis6,Gubertis6@example.com,passpass,National,Washington,Columbia,2001,USA,administrator,foramharc3r,Gube,rtis6
weasot,weasot@example.com,contrasenna,Sol,Madrid,Madrid,28005,Spain,editor,Bensahvy,weas,ot
sanneyvonneg0,sanneyvonneg0@example.com,barele,Spagna,Roma,Roma,10101,Italia,editor,cortaudr9,sann,eyvonneg0
Auskersx,Auskersx@example.com,mypassword,Sol,Madrid,Madrid,28005,Spain,author,ujasnitzy,Ausk,ersx
jiturbideoo,jiturbideoo@example.com,pass,Verona,Ferrara,Ferrara,10101,Italia,author,cussol7r,jitu,rbideoo
taitneas2v,taitneas2v@example.com,elis2013,Sol,Madrid,Madrid,28005,Spain,author,cookiemarie1452,tait,neas2v
schotenlp,schotenlp@example.com,passwordfrance,Verona,Ferrara,Ferrara,10101,Italia,author,stocatki,scho,tenlp
ausha9s,ausha9s@example.com,passpass,Sol,Madrid,Madrid,28005,Spain,author,rapsodijamw,aush,a9s
Grutteriay8,Grutteriay8@example.com,contrasenna,Verona,Ferrara,Ferrara,10101,Italia,author,Kinobrandvb,Grut,teriay8
Schegy,Schegy@example.com,barele,Sol,Madrid,Madrid,28005,Spain,author,benpun10pq,Sche,gy
i2t1i1roa7,i2t1i1roa7@example.com,mypassword,Rd. Victoria,Atlanta,Georgia,1201,USA,author,kantilene4x,i2t1,i1roa7
tracitgelo,tracitgelo@example.com,pass,Sol,Madrid,Madrid,28005,Spain,author,Zaganigam5,trac,itgelo
joipiepsyhl,joipiepsyhl@example.com,elis2013,Sol,Madrid,Madrid,28005,Spain,author,skygdans5,joip,iepsyhl
Filpitf,Filpitf@example.com,passwordfrance,Rd. Victoria,Atlanta,Georgia,1201,USA,author,liljacques24f5,Filp,itf
Gudulaq5,Gudulaq5@example.com,passpass,Nation,Par’s,ële de la CitŽ,28280,France,editor,sskinandbonesam,Gudu,laq5
ummyndunfo,ummyndunfo@example.com,contrasenna,Rd. Victoria,Atlanta,Georgia,1201,USA,editor,esiswinibi,ummy,ndunfo
Hokumn,Hokumn@example.com,barele,Nation,Par’s,ële de la CitŽ,28280,France,editor,cynigeionep,Hoku,mn
sosteishsf0,sosteishsf0@example.com,mypassword,Sol,Madrid,Madrid,28005,Spain,editor,advambeageW13,sost,eishsf0
chufleteelu,chufleteelu@example.com,pass,Nation,Par’s,ële de la CitŽ,28280,France,editor,ispovedneep,chuf,leteelu
Nialjq,Nialjq@example.com,elis2013,Sol,Madrid,Madrid,28005,Spain,editor,tsvinglivx,Nial,jq
yeguyeor,yeguyeor@example.com,passwordfrance,Rd. Victoria,Atlanta,Georgia,1201,USA,editor,dkmtvz9,yegu,yeor
rubitahpekeai,rubitahpekeai@example.com,passpass,Verona,Ferrara,Ferrara,10101,Italia,editor,elsavarelaoa,rubi,tahpekeai
dreamichellaw7,dreamichellaw7@example.com,contrasenna,Nation,Par’s,ële de la CitŽ,28280,France,editor,difuziunes7,drea,michellaw7
sometrophyboyup,sometrophyboyup@example.com,barele,Sol,Madrid,Madrid,28005,Spain,editor,hjemomb1,some,trophyboyup
prizrenude,prizrenude@example.com,passpass,Sol,Madrid,Madrid,28005,Spain,editor,garbalhasak,priz,renude
openhtzr,openhtzr@example.com,contrasenna,Nation,Par’s,ële de la CitŽ,28280,France,editor,esmairesw,open,htzr
eloluw5,eloluw5@example.com,barele,Sol,Madrid,Madrid,28005,Spain,editor,styrksinsn3,elol,uw5
tinkerbel2417k8,tinkerbel2417k8@example.com,mypassword,Sol,Madrid,Madrid,28005,Spain,subscriber,verwarren5m,tink,erbel2417k8
stuartimmonenm6,stuartimmonenm6@example.com,pass,Nation,Par’s,ële de la CitŽ,28280,France,editor,Riechbahn9g,stua,rtimmonenm6
e3t2ols1,e3t2ols1@example.com,elis2013,Sol,Madrid,Madrid,28005,Spain,editor,prstenjem96,e3t2,ols1
istovarniud,istovarniud@example.com,passwordfrance,Rd. Victoria,Atlanta,Georgia,1201,USA,subscriber,vrindavana5k,isto,varniud
latrebedeu7,latrebedeu7@example.com,passpass,Av. Cervantes,C—rdoba,C—rdoba,14004,Espa–a,author,amelias05u5,latr,ebedeu7
kombijuqj,kombijuqj@example.com,contrasenna,Verona,Ferrara,Ferrara,89891,Italia,author,heeweencyw2,komb,ijuqj
adjonhenwc,adjonhenwc@example.com,barele,Nation,Par’s,ële de la CitŽ,28280,France,administrator,ajenos4b,adjo,nhenwc
calipso8fb,calipso8fb@example.com,mypassword,National,Washington,Columbia,2001,USA,subscriber,uyaguqa0q,cali,pso8fb
robbiec98as,robbiec98as@example.com,pass,Sol,Madrid,Madrid,28005,Spain,subscriber,Tournedosvc,robb,iec98as
Chomutovs3,Chomutovs3@example.com,elis2013,Spagna,Roma,Roma,10101,Italia,subscriber,Pistottil3,Chom,utovs3
udbamf,udbamf@example.com,passwordfrance,Sol,Madrid,Madrid,28005,Spain,subscriber,filyt004fi,udba,mf
elwatiniv9,elwatiniv9@example.com,passpass,Verona,Ferrara,Ferrara,10101,Italia,subscriber,tvorijr,elwa,tiniv9
Ukucelavt,Ukucelavt@example.com,contrasenna,Sol,Madrid,Madrid,28005,Spain,subscriber,pauchurb,Ukuc,elavt
stopflesat,stopflesat@example.com,barele,Verona,Ferrara,Ferrara,10101,Italia,subscriber,reintuireqp,stop,flesat
atochraisfm,atochraisfm@example.com,mypassword,Sol,Madrid,Madrid,28005,Spain,subscriber,wosebenza7a,atoc,hraisfm
klu2bir2r,klu2bir2r@example.com,pass,Verona,Ferrara,Ferrara,10101,Italia,subscriber,o2m1xey,klu2,bir2r
repairman7w,repairman7w@example.com,elis2013,Sol,Madrid,Madrid,28005,Spain,subscriber,carotez9p,repa,irman7w
bouceloth,bouceloth@example.com,passwordfrance,Rd. Victoria,Atlanta,Georgia,1201,USA,subscriber,Chiarenzi4u,bouc,eloth
doesntexist501a,doesntexist501a@example.com,passpass,Sol,Madrid,Madrid,28005,Spain,subscriber,Umfazisu,does,ntexist501a
Roza21,Roza21@example.com,contrasenna,Sol,Madrid,Madrid,28005,Spain,author,narahiny1a,Roza,somm
pealporessyul,pealporessyul@example.com,barele,Rd. Victoria,Atlanta,Georgia,1201,USA,editor,Jordaneestj,peal,poressyul
brotads2,brotads2@example.com,mypassword,Nation,Par’s,ële de la CitŽ,28280,France,editor,keerskot9c,brot,ads2
sjokkerepu,sjokkerepu@example.com,pass,Rd. Victoria,Atlanta,Georgia,1201,USA,editor,peechka4is,sjok,kerepu
A7IG49Imc,A7IG49Imc@example.com,elis2013,Nation,Par’s,ële de la CitŽ,28280,France,editor,nkhosavr,A7IG,49Imc
nakunakada,nakunakada@example.com,passwordfrance,Sol,Madrid,Madrid,28005,Spain,editor,Braunviehzz,naku,nakada
Fribbipm,Fribbipm@example.com,passpass,Nation,Par’s,ële de la CitŽ,28280,France,editor,trivejarzc,Frib,bipm
Benedinic2,Benedinic2@example.com,contrasenna,Sol,Madrid,Madrid,28005,Spain,editor,Diseeindincjt,Bene,dinic2
Tolysy4,Tolysy4@example.com,barele,Rd. Victoria,Atlanta,Georgia,1201,USA,editor,fparks36r,Toly,sy4
arwogwnf2,arwogwnf2@example.com,passpass,Verona,Ferrara,Ferrara,10101,Italia,editor,arginandoqj,arwo,gwnf2
5YA5V4a,5YA5V4a@example.com,contrasenna,Nation,Par’s,ële de la CitŽ,28280,France,editor,Shuwa6x,5YA5,V4a
bebobioof,bebobioof@example.com,barele,Sol,Madrid,Madrid,28005,Spain,editor,Palastbauu3,bebo,bioof
Veineruf,Veineruf@example.com,passwordfrance,Sol,Madrid,Madrid,28005,Spain,editor,Marcioneoi,Vein,eruf
AnnefsJeopsh9,AnnefsJeopsh9@example.com,passpass,Nation,Par’s,ële de la CitŽ,28280,France,editor,izibuloh3,Anne,fsJeopsh9
esliuparot,esliuparot@example.com,contrasenna,Sol,Madrid,Madrid,28005,Spain,administrator,kairskih4w,esli,uparot
jmhernandezf7,jmhernandezf7@example.com,barele,Sol,Madrid,Madrid,28005,Spain,administrator,Ungujany,jmhe,rnandezf7
Pajmar6,Pajmar6@example.com,passpass,Nation,Par’s,ële de la CitŽ,28280,France,administrator,posulnv,Pajm,ar6
cancanyamarspb,cancanyamarspb@example.com,contrasenna,Sol,Madrid,Madrid,28005,Spain,administrator,cagaran4g,canc,anyamarspb